Department,Project_Name,PM_Department,Project_Status,Neighborhood,Authorization_Existing,Authorization_FY,GO_Expended,Capital_Year_0,CapitalYear_1,Capital_Year_25,Total_Project_Budget
Boston Centers for Youth and Families,BCYF Security and Technology Upgrades,Boston Centers for Youth and Families,To Be Scheduled,Citywide,750000.0,1250000.0,,,100000.0,1900000.0,2000000
Boston Centers for Youth and Families,BCYF Tobin Community Center Retaining Wall,Public Facilities Department,In Design,Mission Hill,1800000.0,,,100000.0,1500000.0,200000.0,1800000
Boston Centers for Youth and Families,BCYF North End Community Center,Public Facilities Department,In Design,North End,5000000.0,63000000.0,,400000.0,3000000.0,64600000.0,88000000
Boston Centers for Youth and Families,Pool Repairs,Boston Centers for Youth and Families,Annual Program,Citywide,1300000.0,1000000.0,383450.0,450000.0,700000.0,766550.0,2300000
Boston Centers for Youth and Families,Youth Budget Round 4,Youth Engagement and Employment,Implementation Underway,Citywide,1000000.0,,17140.0,25000.0,250000.0,707860.0,1000000
Boston Centers for Youth and Families,Youth Budget Round 5,Youth Engagement and Employment,Implementation Underway,Citywide,1000000.0,,,,50000.0,950000.0,1000000
Boston Centers for Youth and Families,Youth Budget Round 6,Youth Engagement and Employment,Implementation Underway,Citywide,1000000.0,,532285.0,5000.0,250000.0,212715.0,1000000
Boston Centers for Youth and Families,Youth Budget Round 7,Youth Engagement and Employment,Implementation Underway,Citywide,1000000.0,,,,,1000000.0,1000000
Boston Centers for Youth and Families,Youth Budget Round 8,Youth Engagement and Employment,Implementation Underway,Citywide,1000000.0,,,,,1000000.0,1000000
Boston Planning and Development Agency,RLFMP Dry-dock 4,Boston Planning and Development Agency,In Design,South Boston,250000.0,,199473.0,,50527.0,,250000
Boston Planning and Development Agency,RLFMP Pier 6,Boston Planning and Development Agency,In Design,South Boston,400000.0,,183297.0,50000.0,166703.0,,400000
Boston Planning and Development Agency,RLFMP Resiliency Improvements,Boston Planning and Development Agency,In Design,South Boston,2075000.0,1000000.0,160217.0,70000.0,125000.0,2719783.0,3075000
Boston Public Library,Central Library: McKim Fire Panel,Public Facilities Department,In Design,Back Bay,1000000.0,2100000.0,21630.0,100000.0,2000000.0,978370.0,3100000
Boston Public Library,Chinatown Branch Library,Public Facilities Department,In Design,Chinatown,6000000.0,16000000.0,,80000.0,100000.0,21820000.0,22000000
Boston Public Library,Codman Square Branch Library Study,Public Facilities Department,To Be Scheduled,Dorchester,3100000.0,23200000.0,67401.0,330000.0,1750000.0,24152599.0,26300000
Boston Public Library,Faneuil Branch Library,Public Facilities Department,In Construction,Allston/Brighton,14000000.0,,3827552.0,7000000.0,2172448.0,1000000.0,14000000
Boston Public Library,Fields Corner Branch Library,Public Facilities Department,In Design,Dorchester,3105000.0,27795000.0,78583.0,200000.0,2500000.0,28121417.0,30900000
Boston Public Library,North End Branch Library,Public Facilities Department,To Be Scheduled,North End,865000.0,,4183.0,,,1470817.0,1475000
Boston Public Library,Research Collections Preservation and Storage Plan,Boston Public Library,Study Underway,Citywide,300000.0,,,100000.0,200000.0,,300000
Boston Public Library,South End Branch Library Study,Public Facilities Department,In Design,South End,250000.0,750000.0,,50000.0,200000.0,750000.0,1000000
Boston Public Library,Upham's Corner Library,Public Facilities Department,To Be Scheduled,Dorchester,5250000.0,,,,,17980000.0,17980000
Boston Public Schools,Accreditation Improvements at Various Schools,Boston Public Schools,Annual Program,Citywide,3000000.0,,709284.0,500000.0,750000.0,2040716.0,4000000
Boston Public Schools,Adams School Roof and Masonry,Public Facilities Department,In Construction,East Boston,1090051.0,,47665.0,1042386.0,,,1090051
Boston Public Schools,Bathroom Renovations at Various Schools,Boston Public Schools,In Construction,Citywide,25000000.0,10000000.0,2559279.0,2500000.0,18500000.0,11440721.0,35000000
Boston Public Schools,Blackstone School Renovation,Public Facilities Department,To Be Scheduled,South End,600000.0,19400000.0,,,400000.0,19600000.0,20000000
Boston Public Schools,Brighton High School Locker Rooms,Public Facilities Department,In Construction,Allston/Brighton,4100000.0,,164442.0,3165558.0,400000.0,370000.0,4100000
Boston Public Schools,BPS: 21st Century Schools Fund,Boston Public Schools,Annual Program,Citywide,4103029.0,,293151.0,1300000.0,300000.0,2209878.0,4103029
Boston Public Schools,BPS: Capital Maintenance,Boston Public Schools,Annual Program,Citywide,15460150.0,,207206.0,500000.0,5000000.0,9752944.0,15460150
Boston Public Schools,BPS: MSBA ARP Reserve,Public Facilities Department,Annual Program,Citywide,,,,,,12405592.0,12405592
Boston Public Schools,BPS: Reserve for Future Projects,Public Facilities Department,Annual Program,Citywide,2619295.0,12380705.0,41323.0,100000.0,,14858677.0,15000000
Boston Public Schools,Bus Monitor Technology,Boston Public Schools,To Be Scheduled,Citywide,100000.0,,,,,100000.0,100000
Boston Public Schools,Bus Navigation System,Boston Public Schools,To Be Scheduled,Citywide,1345805.0,,,,,1345805.0,1345805
Boston Public Schools,Carter School,Public Facilities Department,In Construction,South End,65730795.0,,2902594.0,4000000.0,45000000.0,21828201.0,99966532
Boston Public Schools,Curley K-8 School,Public Facilities Department,In Construction,Jamaica Plain,3000000.0,,1082360.0,1917640.0,,,3000000
Boston Public Schools,Drinking Water Upgrades at Various Schools,Boston Public Schools,In Construction,Citywide,10360000.0,,55991.0,125000.0,2000000.0,8179009.0,10360000
Boston Public Schools,Edwards School Renovation,Public Facilities Department,To Be Scheduled,Charlestown,500000.0,,,,,500000.0,500000
Boston Public Schools,Entryway Improvements at Various Schools,Boston Public Schools,In Construction,Citywide,2000000.0,3000000.0,,200000.0,2000000.0,2800000.0,5000000
Boston Public Schools,Fire Systems at Various Schools,Boston Public Schools,To Be Scheduled,Citywide,1000000.0,,,,1250000.0,1250000.0,2500000
Boston Public Schools,Food and Nutritional Services Technology,Boston Public Schools,Implementation Underway,Citywide,740000.0,,611531.0,128469.0,,,740000
Boston Public Schools,Grade K-6 School Conversions Phase 1,Boston Public Schools,In Construction,Citywide,975000.0,,319411.0,655589.0,,,975000
Boston Public Schools,Henderson Inclusion Lower School Windows,Public Facilities Department,In Construction,Dorchester,10728239.0,,2935298.0,4000000.0,3792941.0,,10728239
Boston Public Schools,Horace Mann School Relocation,Public Facilities Department,In Construction,Charlestown,35900000.0,5700000.0,1128869.0,1500000.0,16000000.0,22971131.0,41600000
Boston Public Schools,Josiah Quincy Upper School,Public Facilities Department,In Construction,Chinatown,156515501.0,,20718624.0,30000000.0,87000000.0,18796877.0,223591467
Boston Public Schools,Mandela Athletic Complex Locker Rooms,Public Facilities Department,In Construction,Roxbury,8030325.0,,1152487.0,500000.0,3000000.0,3377838.0,8030325
Boston Public Schools,Madison Park TVHS Electrical Improvements,Public Facilities Department,In Construction,Roxbury,6000000.0,,2823122.0,1776878.0,200000.0,1200000.0,6000000
Boston Public Schools,Mattahunt School,Public Facilities Department,In Design,Mattapan,1020000.0,,,100000.0,600000.0,3485000.0,4185000
Boston Public Schools,Quincy School Exterior Upgrades,Public Facilities Department,In Design,Chinatown,21780705.0,,318488.0,1000000.0,10000000.0,10462217.0,21780705
Boston Public Schools,Radiator Covers at Various Schools,Boston Public Schools,Implementation Underway,Citywide,1368000.0,1632000.0,269896.0,300000.0,500000.0,1930104.0,3000000
Boston Public Schools,ARP 2019: Roofs and Boilers at 3 Schools,Public Facilities Department,In Construction,Multiple Neighborhoods,3527867.0,,2246324.0,500000.0,781543.0,,7450607
Boston Public Schools,School Yard Improvements,Public Facilities Department,Annual Program,Citywide,4074650.0,2400000.0,1268625.0,200000.0,1000000.0,4006025.0,6474650
Boston Public Schools,Security Related Improvements at Various Schools II,Boston Public Schools,Annual Program,Citywide,3490000.0,,,1000000.0,1500000.0,990000.0,3490000
Boston Public Schools,UP Academy Dorchester,Public Facilities Department,In Construction,Dorchester,4600000.0,,151705.0,248295.0,1200000.0,3000000.0,4600000
Department of Innovation and Technology,Core Technology Infrastructure,Department of Innovation and Technology,Annual Program,Citywide,12669773.0,,1654975.0,1500000.0,4100000.0,5414798.0,12669773
Department of Innovation and Technology,Cyber Security and Resiliency,Department of Innovation and Technology,Annual Program,Citywide,8668049.0,2000000.0,3513153.0,1000000.0,5000000.0,1154896.0,10668049
Department of Innovation and Technology,Data Analytics,Department of Innovation and Technology,Annual Program,Citywide,4765516.0,4365649.0,2230994.0,750000.0,2000000.0,4150171.0,9131165
Department of Innovation and Technology,Digital Service Delivery and Engagement,Department of Innovation and Technology,Annual Program,Citywide,8433296.0,,3048232.0,600000.0,1000000.0,4763673.0,9411905
Department of Innovation and Technology,Enterprise Applications,Department of Innovation and Technology,Annual Program,Citywide,27000000.0,,14220398.0,1000000.0,3500000.0,8279602.0,27000000
Emergency Management,Emergency Operations Center,Public Facilities Department,To Be Scheduled,Citywide,1500000.0,,,,,1500000.0,1500000
Environment Department,Climate Ready Boston Harbor Study,Environment Department,Study Underway,Multiple Neighborhoods,2000000.0,,,500000.0,1500000.0,,5000000
Environment Department,Climate Ready Boston Phase 3,Environment Department,To Be Scheduled,Citywide,991720.0,,,,250000.0,741720.0,991720
Environment Department,Climate Resilience Reserve,Environment Department,Annual Program,Citywide,4955500.0,,624871.0,,1000000.0,3330629.0,4955500
Environment Department,Energy Efficiency Design Services,Environment Department,Implementation Underway,Citywide,325000.0,,103685.0,150000.0,237690.0,8625.0,516774
Environment Department,Exterior Lighting Energy Performance,Environment Department,To Be Scheduled,Citywide,10000000.0,,,,2000000.0,8000000.0,11200000
Environment Department,Renew Boston Trust Phase 2,Public Facilities Department,In Construction,Citywide,20926000.0,,16930970.0,3500000.0,495030.0,,21341159
Environment Department,Renew Boston Trust Phase 3,Public Facilities Department,In Construction,Citywide,65000000.0,50000000.0,,9000000.0,10000000.0,96000000.0,122249014
Fire Department,Engine 17,Public Facilities Department,In Construction,Dorchester,30000000.0,,2089916.0,2500000.0,14000000.0,11410084.0,30000000
Fire Department,Engine 3,Public Facilities Department,In Design,South End,3000000.0,,,100000.0,1500000.0,1400000.0,3000000
Fire Department,Engine 37,Public Facilities Department,To Be Scheduled,Fenway-Kenmore,2390000.0,,,,,3000000.0,3000000
Fire Department,Fire Equipment FY24,Boston Fire Department,Annual Program,Citywide,4550000.0,1200000.0,,,5750000.0,,5750000
Fire Department,Fire Headquarters,Public Facilities Department,In Construction,Roxbury,6195000.0,,126920.0,100000.0,3100000.0,2868080.0,6195000
Fire Department,Fire Radio System Upgrades,Boston Fire Department,Implementation Underway,Citywide,46000000.0,,8335690.0,10000000.0,10800000.0,16864310.0,46000000
Fire Department,Moon Island Seawall,Public Facilities Department,In Design,Harbor Islands,2800000.0,13000000.0,22346.0,150000.0,2500000.0,13127654.0,15800000
Mayor's Office of Housing,Housing Infrastructure Fund,Mayor's Office of Housing,Annual Program,Citywide,5000000.0,,,,,5000000.0,5000000
Office of Arts & Culture,Percent for the Arts,Office of Arts and Culture,Annual Program,Citywide,13450000.0,4400000.0,1740350.0,500000.0,1000000.0,14609650.0,17850000
Office of New Urban Mechanics,Innovation Fund,Office of New Urban Mechanics,Annual Program,Citywide,200000.0,,,,50000.0,150000.0,200000
Parks and Recreation Department,Animal Shelter,Public Facilities Department,In Design,Roxbury,5100000.0,,49679.0,,1500000.0,3550321.0,5100000
Parks and Recreation Department,Artificial Turf Replacement,Parks and Recreation Department,Annual Program,Citywide,6500000.0,2500000.0,2137146.0,1000000.0,2500000.0,3362854.0,9250000
Parks and Recreation Department,Back Bay Fens Pathways,Parks and Recreation Department,In Design,Fenway-Kenmore,7500000.0,,,250000.0,500000.0,6750000.0,7500000
Parks and Recreation Department,Billings Field,Parks and Recreation Department,In Design,West Roxbury,4200000.0,,,75000.0,275000.0,3850000.0,4200000
Parks and Recreation Department,Boston Common Master Plan,Parks and Recreation Department,Implementation Underway,Beacon Hill,,,,,,,22550000
Parks and Recreation Department,Boston Common Tadpole Play Lot,Parks and Recreation Department,In Design,Beacon Hill,1000000.0,,,,,1000000.0,1000000
Parks and Recreation Department,Bussey Brook Meadow Trail at Arnold Arboretum,Parks and Recreation Department,To Be Scheduled,Jamaica Plain,600000.0,,,,25000.0,575000.0,600000
Parks and Recreation Department,Bynoe Park,Parks and Recreation Department,In Construction,Roxbury,1120000.0,,49243.0,260000.0,810757.0,,1120000
Parks and Recreation Department,Ceylon Park,Parks and Recreation Department,In Design,Roxbury,500000.0,3600000.0,,,100000.0,4000000.0,4100000
Parks and Recreation Department,Christopher Columbus Park,Parks and Recreation Department,To Be Scheduled,North End,3500000.0,,,,,3500000.0,3500000
Parks and Recreation Department,Clarendon Street Playground,Parks and Recreation Department,In Design,Back Bay,1730000.0,,80510.0,250000.0,1000000.0,399490.0,1730000
Parks and Recreation Department,Codman Square,Parks and Recreation Department,In Design,Dorchester,640000.0,,4485.0,50000.0,500000.0,85515.0,1810000
Parks and Recreation Department,Commonwealth Avenue Mall: Kenmore Block,Parks and Recreation Department,In Design,Fenway-Kenmore,250000.0,,,50000.0,150000.0,50000.0,250000
Parks and Recreation Department,Copley Square Park,Parks and Recreation Department,In Construction,Back Bay,18850000.0,,698743.0,800000.0,8000000.0,9351257.0,18850000
Parks and Recreation Department,Coppens Square,Parks and Recreation Department,In Design,Dorchester,1475000.0,,,,250000.0,1225000.0,1475000
Parks and Recreation Department,Crawford Street Playground,Parks and Recreation Department,In Construction,Roxbury,1800000.0,,85120.0,100000.0,250000.0,1364880.0,1800000
Parks and Recreation Department,Cutillo Park,Parks and Recreation Department,In Construction,North End,2000000.0,,118463.0,250000.0,1631537.0,,2000000
Parks and Recreation Department,Daisy Field at Olmsted Park,Parks and Recreation Department,In Design,Jamaica Plain,1140000.0,,9338.0,50000.0,150000.0,930662.0,1140000
Parks and Recreation Department,Dudley Town Common,Parks and Recreation Department,In Design,Roxbury,972000.0,,6545.0,50000.0,250000.0,963455.0,1270000
Parks and Recreation Department,Mary Ellen Welch Greenway,Parks and Recreation Department,In Design,East Boston,3300000.0,,,,50000.0,3250000.0,3300000
Parks and Recreation Department,Field Lights at Various Parks,Parks and Recreation Department,Annual Program,Citywide,2700000.0,,69050.0,,200000.0,2430950.0,2700000
Parks and Recreation Department,Flaherty (William F.) Playground,Parks and Recreation Department,In Design,Jamaica Plain,1930000.0,,49571.0,250000.0,1630429.0,,1930000
Parks and Recreation Department,Fort Point Channel Park,Parks and Recreation Department,To Be Scheduled,South Boston,10000000.0,,,500000.0,700000.0,8800000.0,20000000
Parks and Recreation Department,Franklin Park Master Plan,Parks and Recreation Department,Implementation Underway,Multiple Neighborhoods,,,,,,,22750000
Parks and Recreation Department,General Parks Improvements,Parks and Recreation Department,Annual Program,Citywide,2650000.0,1350000.0,699666.0,1000000.0,1000000.0,1300334.0,4000000
Parks and Recreation Department,Justice Gourdin Veterans Memorial Park,Parks and Recreation Department,In Construction,Roxbury,1455000.0,,487047.0,967953.0,,,1455000
Parks and Recreation Department,Malcolm X Park,Parks and Recreation Department,In Construction,Roxbury,7125000.0,1150000.0,611594.0,3500000.0,4000000.0,163406.0,11025000
Parks and Recreation Department,McGann Playground,Parks and Recreation Department,In Design,Hyde Park,765000.0,280000.0,55841.0,75000.0,700000.0,214159.0,1045000
Parks and Recreation Department,McKinney Playground,Parks and Recreation Department,In Design,Allston/Brighton,1010000.0,1000000.0,45000.0,75000.0,300000.0,1590000.0,2760000
Parks and Recreation Department,Millennium Park,Parks and Recreation Department,In Construction,West Roxbury,5275000.0,,206064.0,3500000.0,1568936.0,,5275000
Parks and Recreation Department,Moakley Park,Parks and Recreation Department,In Design,South Boston,7200000.0,30659765.0,3402115.0,900000.0,1500000.0,32057650.0,50346965
Parks and Recreation Department,Mother's Rest at Four Corners,Parks and Recreation Department,In Design,Dorchester,1610000.0,170000.0,113901.0,100000.0,1400000.0,166099.0,1780000
Parks and Recreation Department,Odom Serenity Garden,Parks and Recreation Department,In Design,Dorchester,50000.0,,23705.0,26295.0,,,550000
Parks and Recreation Department,Park Planning Studies,Parks and Recreation Department,Annual Program,Citywide,332383.0,,39050.0,,100000.0,193333.0,332383
Parks and Recreation Department,Penniman Road Play Area,Parks and Recreation Department,To Be Scheduled,Allston/Brighton,2050000.0,,,,100000.0,1950000.0,2320000
Parks and Recreation Department,Peters Park Ballfield,Parks and Recreation Department,In Design,South End,500000.0,,,,250000.0,250000.0,500000
Parks and Recreation Department,Ramsay Park Ballfield,Parks and Recreation Department,In Design,South End,920000.0,650000.0,,40000.0,300000.0,1230000.0,1570000
Parks and Recreation Department,Ryan Play Area,Parks and Recreation Department,In Construction,Dorchester,1470000.0,,143673.0,750000.0,576327.0,,1470000
Parks and Recreation Department,Ryan Playground,Parks and Recreation Department,In Design,Charlestown,11800000.0,6200000.0,121479.0,400000.0,6000000.0,11478521.0,19000000
Parks and Recreation Department,Safety Surfacing Replacement,Parks and Recreation Department,Annual Program,Citywide,2000000.0,,317400.0,88600.0,500000.0,1094000.0,2000000
Parks and Recreation Department,Sports Lighting Replacement,Parks and Recreation Department,Annual Program,Citywide,1000000.0,2600000.0,899917.0,80000.0,500000.0,2120083.0,3600000
Parks and Recreation Department,Titus Sparrow Park,Parks and Recreation Department,In Design,South End,220000.0,1760000.0,49203.0,80797.0,1300000.0,550000.0,1980000
Parks and Recreation Department,Walnut Park Play Area,Parks and Recreation Department,In Construction,Roxbury,1340000.0,,96844.0,250000.0,750000.0,243156.0,1340000
Parks and Recreation Department,Winthrop Playground,Parks and Recreation Department,In Construction,Roxbury,3000000.0,,22392.0,400000.0,2000000.0,577608.0,3400000
Police Department,Communications Infrastructure Upgrades,Boston Police Department,Implementation Underway,Citywide,53794000.0,,45692129.0,2500000.0,5601871.0,,53794000
Police Department,District B-3 Station Study,Public Facilities Department,To Be Scheduled,Mattapan,100000.0,,,,,100000.0,100000
Police Department,District E-18 Station Study,Public Facilities Department,To Be Scheduled,Hyde Park,100000.0,,,,,100000.0,100000
Police Department,Evidence/Archives/Central Supply Study,Public Facilities Department,To Be Scheduled,Citywide,75000.0,,,,,75000.0,75000
Police Department,Forensics Unit Facility Upgrades,Public Facilities Department,To Be Scheduled,Roxbury,60000.0,,,25000.0,35000.0,,60000
Police Department,Headquarters Roof and Elevator Replacement,Public Facilities Department,In Construction,Roxbury,7200000.0,,309452.0,750000.0,6140548.0,,7200000
Police Department,Police Academy Study,Public Facilities Department,Study Underway,Citywide,134000.0,,,50000.0,84000.0,,134000
Police Department,Police Facility Signage,Public Facilities Department,In Design,Citywide,1000000.0,,48000.0,100000.0,500000.0,352000.0,1000000
Police Department,Records Management Replacement,Boston Police Department,Implementation Underway,Citywide,2850000.0,,1520254.0,250000.0,1079746.0,,2850000
Police Department,Special Operations Unit Facility Upgrades,Public Facilities Department,To Be Scheduled,Citywide,100000.0,,,,,100000.0,100000
Police Department,Station Facility Repairs,Boston Police Department,To Be Scheduled,Multiple Neighborhoods,1500000.0,,,,,1500000.0,1500000
Police Department,Technology Upgrades at District Stations,Boston Police Department,Implementation Underway,Multiple Neighborhoods,1432000.0,,,,,1432000.0,1432000
Property Management Department,201 Rivermoor,Public Facilities Department,In Design,West Roxbury,2160000.0,,,250000.0,500000.0,1410000.0,2160000
Property Management Department,26 Court Street,Public Facilities Department,In Construction,Downtown/Government Center,165000000.0,,7406316.0,6379489.0,80000000.0,71214195.0,165000000
Property Management Department,Family Justice Center Building Envelope Repairs,Public Facilities Department,In Construction,Allston/Brighton,2350000.0,,97384.0,400000.0,1600000.0,252616.0,2350000
Property Management Department,Municipal Facility Repairs,Public Facilities Department,Implementation Underway,Multiple Neighborhoods,15034600.0,16745400.0,3599273.0,4000000.0,3000000.0,21180727.0,31780000
Public Health Commission,EMS Radio System Upgrades,Boston Public Health Commission,Implementation Underway,Citywide,23215000.0,,5915057.0,1300000.0,8000000.0,7999943.0,23215000
Public Health Commission,EMS Seaport Station,Public Facilities Department,In Design,South Boston,11000000.0,2000000.0,130611.0,900000.0,6000000.0,5969389.0,13000000
Public Health Commission,EMS Training Academy,Public Facilities Department,In Construction,West Roxbury,16275000.0,1935000.0,887544.0,5000000.0,8000000.0,4322456.0,18210000
Public Health Commission,Long Island Facility Preservation,Public Facilities Department,In Design,Harbor Islands,20000000.0,18220000.0,,500000.0,15000000.0,22720000.0,38220000
Public Health Commission,Long Island Recovery Campus,Public Facilities Department,To Be Scheduled,Harbor Islands,2000000.0,,92543.0,100000.0,1000000.0,807457.0,2000000
Public Health Commission,Woods Mullen Shelter,Public Facilities Department,In Construction,South End,6217000.0,,2318135.0,1200000.0,2500000.0,198865.0,6767000
Public Works Department,ADA/AAB Pedestrian Ramps,Public Works Department,Annual Program,Citywide,24800000.0,,,4500000.0,5000000.0,20600000.0,57100000
Public Works Department,Amory Street Extension,Public Works Department,In Design,Roxbury,1200000.0,,,,200000.0,1000000.0,1200000
Public Works Department,Boylston Street Sidewalks,Public Works Department,Annual Program,Back Bay,,,,,,,3761000
Public Works Department,Bridge Repairs,Public Works Department,Annual Program,Multiple Neighborhoods,53000000.0,,13906419.0,7000000.0,7000000.0,25093581.0,53000000
Public Works Department,Cambridge Street Bridge,Public Works Department,To Be Scheduled,Charlestown,4250000.0,,,,,4250000.0,7000000
Public Works Department,Commonwealth Avenue Phase 3 and 4,Public Works Department,In Design,Allston/Brighton,2500000.0,,1040593.0,,150000.0,1309407.0,2500000
Public Works Department,Commonwealth Avenue Phase 3B,Public Works Department,In Design,Allston/Brighton,,,,,,10000000.0,11000000
Public Works Department,Congress Street and Sleeper Street,Public Works Department,In Design,South Boston,7350000.0,,,,500000.0,6850000.0,7600000
Public Works Department,Cummins Highway,Public Works Department,In Design,Mattapan,,,,,,,26500000
Public Works Department,Dalton Street Bridge,Public Works Department,In Construction,Back Bay,21000000.0,,127060.0,6000000.0,7000000.0,7872940.0,26725000
Public Works Department,District Yard Improvements,Public Works Department,To Be Scheduled,Multiple Neighborhoods,650000.0,550000.0,,,75000.0,1125000.0,1200000
Public Works Department,Downtown Crossing,Public Works Department,In Design,Downtown/Government Center,1700000.0,,368051.0,50000.0,225000.0,1056949.0,1700000
Public Works Department,East Eagle Street Shoreline,Public Works Department,In Design,East Boston,538000.0,,,,200000.0,338000.0,1184000
Public Works Department,Emerald Necklace,Public Works Department,To Be Scheduled,Multiple Neighborhoods,,,,,,,11000000
Public Works Department,Footpath and Stairways,Public Works Department,Annual Program,Citywide,3530000.0,,147915.0,200000.0,400000.0,2782085.0,3530000
Public Works Department,Friend Street,Public Works Department,In Construction,Downtown/Government Center,1750000.0,,1041566.0,300000.0,408434.0,,1750000
Public Works Department,Harrison Avenue Improvements,Public Works Department,In Design,South End,,,,,,,2222050
Public Works Department,Long Island Bridge Replacement,Public Works Department,In Design,Harbor Islands,78000000.0,,23933215.0,100000.0,100000.0,53866785.0,108758144
Public Works Department,McArdle Bridge,Public Works Department,In Design,East Boston,10000000.0,5000000.0,,,2000000.0,13000000.0,15000000
Public Works Department,New Market One Ways,Public Works Department,To Be Scheduled,Roxbury,850000.0,,5327.0,,,844673.0,850000
Public Works Department,North Washington Street Bridge,Public Works Department,In Construction,Charlestown,9184468.0,,5673066.0,50000.0,100000.0,3361402.0,222521987
Public Works Department,Northern Avenue Bridge,Public Works Department,In Design,South Boston,10000000.0,,,,,10000000.0,31100000
Public Works Department,Retaining Walls,Public Works Department,Annual Program,Citywide,1200000.0,1000000.0,565504.0,25000.0,200000.0,1409496.0,2200000
Public Works Department,Ruggles Street,Public Works Department,In Construction,Roxbury,,,,,,,6500000
Public Works Department,Sidewalk Reconstruction,Public Works Department,Annual Program,Citywide,2000000.0,1000000.0,,2000000.0,1000000.0,,3000000
Public Works Department,State Street,Public Works Department,In Design,Downtown/Government Center,1500000.0,,,,,5000000.0,5000000
Public Works Department,Storm Water Pollution Study,Public Works Department,To Be Scheduled,South End,150000.0,,,,75000.0,75000.0,150000
Public Works Department,Street Light Gas Lamps,Public Works Department,Annual Program,Multiple Neighborhoods,950000.0,212500.0,128750.0,450000.0,450000.0,1033750.0,2250000
Public Works Department,Street Light LED Conversion,Public Works Department,Annual Program,Citywide,1540000.0,3000000.0,42400.0,635000.0,600000.0,3262600.0,4540000
Public Works Department,Street Lighting Assessment,Public Works Department,To Be Scheduled,Citywide,750000.0,,,25000.0,200000.0,525000.0,750000
Public Works Department,Sullivan Square / Rutherford Avenue,Boston Transportation Department,In Design,Charlestown,3706000.0,500000.0,3675426.0,280574.0,250000.0,,170615403
Public Works Department,Summer Street Phase 2,Public Works Department,In Design,South Boston,,,,,,,600000
Public Works Department,Washington Street / Traveler Street,Public Works Department,In Construction,South End,,,,,,,1750000
Public Works Department,Whittier Street Housing Development Roadways,Public Works Department,In Design,Roxbury,,,,,,,1000000
Transportation Department,Arboretum Gateway Path,Boston Transportation Department,In Construction,Roslindale,400000.0,,,,400000.0,,1100000
Transportation Department,Bike Share Network Expansion,Boston Transportation Department,Annual Program,Citywide,750000.0,,,750000.0,,,5500000
Transportation Department,Blossom Street,Public Works Department,To Be Scheduled,West End,,,,,,,2000000
Transportation Department,Bowdoin Street / Geneva Avenue,Boston Transportation Department,In Design,Dorchester,300000.0,,,,100000.0,200000.0,300000
Transportation Department,Boylston Street,Boston Transportation Department,In Construction,Back Bay,,,,,,,9876299
Transportation Department,Centre Street / South Street,Boston Transportation Department,To Be Scheduled,Jamaica Plain,1000000.0,,341690.0,,658310.0,,1000000
Transportation Department,Centre Street Safety Improvements,Boston Transportation Department,In Design,West Roxbury,400000.0,,,100000.0,100000.0,200000.0,400000
Transportation Department,Dedicated Bus Lanes,Boston Transportation Department,Annual Program,Citywide,11300000.0,,294808.0,300000.0,5000000.0,5705192.0,12943700
Transportation Department,Nubian Square Improvements,Boston Transportation Department,In Construction,Roxbury,922183.0,,792104.0,130079.0,,,17900000
Transportation Department,Eagle Square,Boston Transportation Department,In Design,East Boston,150000.0,,,,100000.0,50000.0,2150000
Transportation Department,Egleston Square,Boston Transportation Department,In Design,Roxbury,6910000.0,,,,,6910000.0,7910000
Transportation Department,Electric Charging Stations,Boston Transportation Department,Implementation Underway,Citywide,,,,,,,1350000
Transportation Department,Green Links,Boston Transportation Department,Annual Program,Citywide,700000.0,,254253.0,50000.0,204000.0,691747.0,1350116
Transportation Department,JFK / UMASS Station,Boston Transportation Department,In Design,Dorchester,,,,,,,250000
Transportation Department,Strategic Bike Network: Mass. Ave. South of Melnea Cass Blvd.,Public Works Department,In Construction,Dorchester,2400000.0,,204748.0,500000.0,1000000.0,695252.0,2400000
Transportation Department,Municipal Parking Lots,Boston Transportation Department,Annual Program,Citywide,1000000.0,,,,,1000000.0,1000000
Transportation Department,Operations Center at 12 Channel Street,Public Facilities Department,In Construction,South Boston,2500000.0,,1743046.0,150000.0,606954.0,,2500000
Transportation Department,Rapid Bus Transportation Seaport,Boston Transportation Department,In Design,Multiple Neighborhoods,,,,,,,260000
Transportation Department,Roslindale Gateway,Parks and Recreation Department,To Be Scheduled,Roslindale,,,,,,,50000
Transportation Department,Safe and Reliable Streets,Boston Transportation Department,Annual Program,Citywide,,,,,,,7012107
Transportation Department,Southwest Corridor Bike Path Extension,Boston Transportation Department,In Construction,Multiple Neighborhoods,,,,,,,250000
Transportation Department,Strategic Bike Network Project,Boston Transportation Department,Annual Program,Citywide,14300000.0,,3344314.0,2000000.0,4500000.0,4455686.0,17300000
Transportation Department,Traffic Signal Construction at 5 locations,Boston Transportation Department,In Design,Multiple Neighborhoods,3400000.0,,,900000.0,1250000.0,1250000.0,3400000
Transportation Department,Transportation Action Plan Implementation,Boston Transportation Department,Annual Program,Citywide,300000.0,,,,100000.0,200000.0,300000
Transportation Department,Tremont Street,Public Works Department,In Construction,South End,1000000.0,,,,,1000000.0,10539452
Transportation Department,Vision Zero,Boston Transportation Department,Annual Program,Citywide,17922192.0,,12211454.0,1000000.0,2000000.0,4788546.0,30600000
Transportation Department,Vision Zero: Neighborhood Slow Streets,Boston Transportation Department,Annual Program,Multiple Neighborhoods,,,,,,,14400000
Boston Centers for Youth and Families,BCYF Hyde Park Community Center,Public Facilities Department,To Be Scheduled,Hyde Park,1000000.0,,,,100000.0,900000.0,1000000
Boston Centers for Youth and Families,BCYF Roslindale Community Center,Public Facilities Department,To Be Scheduled,Roslindale,1000000.0,,,75000.0,100000.0,825000.0,1000000
Boston Centers for Youth and Families,Youth Budget Round 9,Youth Engagement and Employment,Implementation Underway,Citywide,1000000.0,,,,,1000000.0,1000000
Boston Public Library,Central Library Fa√ßade Study and Repairs,Boston Public Library,To Be Scheduled,Back Bay,400000.0,,,100000.0,200000.0,100000.0,400000
Boston Public Library,South Boston Branch Library Study,Public Facilities Department,To Be Scheduled,South Boston,250000.0,,,,,250000.0,250000
Boston Public Schools,Window Repair and Replacement,Boston Public Schools,To Be Scheduled,Citywide,5111005.0,,,,250000.0,6972010.0,7222010
Boston Public Schools,East Boston School Study,Public Facilities Department,To Be Scheduled,East Boston,500000.0,,,,,500000.0,500000
Boston Public Schools,BPS Building Reprogramming,Boston Public Schools,Annual Program,Citywide,11780000.0,230000.0,1185951.0,2250000.0,1500000.0,7074049.0,12010000
Boston Public Schools,Exterior Grounds Improvements,Boston Public Schools,Annual Program,Citywide,12250000.0,,,1500000.0,1500000.0,9250000.0,12250000
Boston Public Schools,Auditorium Improvements,Boston Public Schools,Annual Program,Citywide,2000000.0,,,,1000000.0,1000000.0,2000000
Boston Public Schools,21st Century Interior Improvements,Boston Public Schools,To Be Scheduled,Citywide,1000000.0,,,,,1000000.0,1000000
Boston Public Schools,Accessibility Improvements,Boston Public Schools,Annual Program,Citywide,1000000.0,,,,500000.0,500000.0,1000000
Boston Public Schools,Bradley School Envelope,Public Facilities Department,In Design,East Boston,1663839.0,,,40000.0,400000.0,1223839.0,1663839
Boston Public Schools,Mather School Envelope,Public Facilities Department,In Design,Dorchester,3050000.0,,9867.0,225000.0,1500000.0,1315133.0,3050000
Boston Public Schools,Henderson Upper School Yard,Public Facilities Department,In Design,Dorchester,1000000.0,,26525.0,50000.0,823475.0,100000.0,1000000
Boston Public Schools,Elementary and Grades 7-12 Programming/Siting Study,Public Facilities Department,Study Underway,Citywide,3000000.0,,,600000.0,2400000.0,,3000000
Boston Public Schools,Irving School Renovations,Public Facilities Department,In Design,Roslindale,5200000.0,85570000.0,,500000.0,25000000.0,65270000.0,90770000
Department of Innovation and Technology,FY22 IT Investment Proposals,Department of Innovation and Technology,Implementation Underway,Citywide,500000.0,,,3000.0,250000.0,247000.0,500000
Department of Innovation and Technology,Citywide Revenue Modernization,Department of Innovation and Technology,Implementation Underway,Citywide,650000.0,,,,650000.0,,650000
Department of Innovation and Technology,Trunked Radio System,Department of Innovation and Technology,Implementation Underway,Citywide,6156000.0,,869024.0,2500000.0,2786976.0,,6156000
Environment Department,Mattahunt Woods Preservation,Parks and Recreation Department,To Be Scheduled,Mattapan,750000.0,,-18400.0,375000.0,393400.0,,750000
Mayor's Office of Housing,BHA Orient Heights,Boston Housing Authority,Implementation Underway,East Boston,19000000.0,,16576112.0,,,2423888.0,19000000
Office of Arts & Culture,Book Mark'd,Office of Arts and Culture,Implementation Underway,Mattapan,250000.0,,,100000.0,150000.0,,250000
Office of Arts & Culture,Edward O. Gourdin and African American Veterans Memorial,Office of Arts and Culture,Implementation Underway,Roxbury,150000.0,,,150000.0,,,150000
Office of Arts & Culture,The Legacy of Frederick Douglass,Office of Arts and Culture,Implementation Underway,Roxbury,550000.0,,,75000.0,150000.0,325000.0,550000
Parks and Recreation Department,Bay Village Neighborhood Park,Parks and Recreation Department,In Design,Bay Village,550000.0,,5758.0,25000.0,125000.0,394242.0,575000
Parks and Recreation Department,Dorchester Park Pathways,Parks and Recreation Department,In Design,Dorchester,1820000.0,,,,100000.0,1720000.0,1820000
Parks and Recreation Department,Harambee Park Phase 4,Parks and Recreation Department,In Design,Dorchester,2090000.0,,,,500000.0,1590000.0,2090000
Parks and Recreation Department,McLean Playground,Parks and Recreation Department,In Design,East Boston,910000.0,,,250000.0,660000.0,,910000
Parks and Recreation Department,Paula Titus Park,Parks and Recreation Department,In Construction,Roxbury,1000000.0,,25875.0,125000.0,700000.0,149125.0,1035000
Parks and Recreation Department,Jamaica Pond Boathouse Study,Public Facilities Department,To Be Scheduled,Jamaica Plain,500000.0,,,,50000.0,450000.0,500000
Parks and Recreation Department,Greenhouses at Franklin Park,Public Facilities Department,To Be Scheduled,Roxbury,750000.0,,,,,750000.0,750000
Parks and Recreation Department,Ringer Playground,Parks and Recreation Department,In Design,Allston/Brighton,250000.0,1450000.0,,,125000.0,1575000.0,1700000
Parks and Recreation Department,Public Garden Tool House,Public Facilities Department,In Design,Beacon Hill,300000.0,8310000.0,,100000.0,500000.0,8010000.0,8610000
Police Department,Police Academy HVAC Repairs,Public Facilities Department,In Construction,Hyde Park,970000.0,,31500.0,250000.0,688500.0,,970000
Public Health Commission,IT Disaster Recovery/Business Continuity,Department of Innovation and Technology,To Be Scheduled,Citywide,565000.0,,,,200000.0,365000.0,565000
Public Health Commission,Northampton Square Electrical Improvements,Public Facilities Department,In Construction,Roxbury,330000.0,,12500.0,75000.0,240000.0,2500.0,330000
Public Health Commission,EMS Neighborhood Station Study,Public Facilities Department,To Be Scheduled,Citywide,100000.0,400000.0,,,100000.0,400000.0,500000
Public Works Department,Massachusetts Avenue and Melnea Cass Boulevard Intersection,Public Works Department,In Design,Multiple Neighborhoods,1500000.0,,,,,1500000.0,1500000
Transportation Department,Parking Meter and School Zone Signal Upgrade,Boston Transportation Department,Implementation Underway,Citywide,,,,,,,1650000
Transportation Department,Bikeshare Dock Replacement,Boston Transportation Department,Implementation Underway,Citywide,,,,,,,2271100
Parks and Recreation Department,Field House Programming Study,Public Facilities Department,To Be Scheduled,Multiple Neighborhoods,125000.0,,,,125000.0,,125000
Boston Public Schools,Madison Park Technical Vocational High School Design,Public Facilities Department,Study Underway,Roxbury,615000.0,45000000.0,,300000.0,2500000.0,42815000.0,45615000
Transportation Department,Mission Hill Transportation Planning,Boston Transportation Department,In Design,Mission Hill,300000.0,,,25000.0,275000.0,,300000
Mayor's Office of Housing,BHA Charlestown,Boston Housing Authority,In Construction,Charlestown,30000000.0,,1245709.0,2000000.0,9000000.0,17754291.0,30000000
Mayor's Office of Housing,BHA Housing Improvements,Boston Housing Authority,Annual Program,Multiple Neighborhoods,10000000.0,5000000.0,10000000.0,,2500000.0,2500000.0,15000000
Boston Public Schools,Kennedy Academy Envelope,Boston Public Schools,In Design,Mission Hill,1892212.0,,,100000.0,200000.0,1592212.0,1892212
Boston Centers for Youth and Families,BCYF Allston Community Center,Public Facilities Department,Study Underway,Allston/Brighton,125000.0,4000000.0,,85000.0,500000.0,3540000.0,4125000
Public Works Department,Sidewalk Repairs,Public Works Department,To Be Scheduled,Citywide,250000.0,,,,125000.0,125000.0,250000
Parks and Recreation Department,Murphy Playground,Parks and Recreation Department,In Design,Jamaica Plain,2400000.0,500000.0,,,125000.0,2775000.0,2900000
Transportation Department,Lost Village Streets,Boston Transportation Department,In Design,Charlestown,666000.0,,,,100000.0,566000.0,1200000
Boston Public Schools,ARP 2021: Windows and Boilers at 4 Schools,Public Facilities Department,In Design,Multiple Neighborhoods,9840708.0,,,500000.0,5000000.0,4340708.0,22580546
Transportation Department,Blue Hill Avenue Multimodal Corridor,Boston Transportation Department,In Design,Multiple Neighborhoods,18224000.0,,,,,18224000.0,39456000
Boston Centers for Youth and Families,Youth Budget Round 10,Youth Engagement and Employment,Implementation Underway,Citywide,1000000.0,,,,,1000000.0,1000000
Office of Arts & Culture,Chinatown Worker Statues Project,Office of Arts and Culture,To Be Scheduled,Chinatown,1000000.0,,,,100000.0,900000.0,1000000
Office of Arts & Culture,Art Signage Upgrades,Office of Arts and Culture,To Be Scheduled,Citywide,100000.0,,,,50000.0,50000.0,100000
Office of Arts & Culture,Park Plaza Monument/Memorial,Office of Arts and Culture,To Be Scheduled,Bay Village,500000.0,,,,50000.0,450000.0,500000
Office of Arts & Culture,Emergent Memory (Cocoanut Grove Memorial),Office of Arts and Culture,To Be Scheduled,Bay Village,305000.0,,,,50000.0,255000.0,450000
Boston Planning and Development Agency,Pier 10 Park Ferry Terminal,Boston Planning and Development Agency,To Be Scheduled,South Boston,500000.0,,,50000.0,250000.0,200000.0,500000
Boston Planning and Development Agency,Little Mystic Open Space / Harborwalk,Boston Planning and Development Agency,To Be Scheduled,Charlestown,1000000.0,,,,100000.0,900000.0,1000000
Environment Department,Climate Ready Streets,Environment Department,To Be Scheduled,Citywide,2500000.0,,,,500000.0,2000000.0,2500000
Environment Department,Urban Wilds Land Management Plan,Environment Department,To Be Scheduled,Citywide,350000.0,,,,175000.0,175000.0,350000
Fire Department,Fire Boat,Boston Fire Department,Implementation Underway,Citywide,5000000.0,2100000.0,,,2000000.0,5100000.0,7100000
Fire Department,Dive Boat,Boston Fire Department,Implementation Underway,Citywide,1700000.0,,,,1700000.0,,1700000
Fire Department,Special Operations Command,Public Facilities Department,To Be Scheduled,Citywide,3000000.0,,,5000.0,,2995000.0,3000000
Boston Public Library,Egleston Square Branch Library,Public Facilities Department,In Design,Roxbury,3000000.0,28510000.0,,50000.0,2000000.0,29460000.0,31510000
Boston Public Library,West End Branch Library,Public Facilities Department,To Be Scheduled,West End,3000000.0,,,,,3000000.0,3000000
Boston Public Library,Connolly Branch Library,Public Facilities Department,In Design,Jamaica Plain,575000.0,,,,150000.0,425000.0,575000
Boston Public Library,Hyde Park Branch Library,Public Facilities Department,In Design,Hyde Park,500000.0,,,,150000.0,350000.0,500000
Mayor's Office of Housing,Mildred C. Hailey Phase 1 Redevelopment,Boston Housing Authority,In Construction,Jamaica Plain,10000000.0,7000000.0,,10000000.0,7000000.0,,17000000
Mayor's Office of Housing,Mary Ellen McCormack Redevelopment,Boston Housing Authority,In Design,South Boston,10000000.0,10000000.0,,10000000.0,5000000.0,5000000.0,20000000
Mayor's Office of Housing,Mildred C. Hailey Preservation,Boston Housing Authority,In Design,Jamaica Plain,52000000.0,,,3750000.0,3750000.0,44500000.0,52000000
Police Department,Window and Roof Replacements at 4 Stations,Public Facilities Department,In Design,Multiple Neighborhoods,2700000.0,,,550000.0,2150000.0,,2700000
Police Department,Computer Aided Dispatch System Upgrade,Boston Police Department,Implementation Underway,Citywide,3301000.0,,,,,3301000.0,3301000
Public Health Commission,Northampton Square Garage,Public Facilities Department,In Design,Roxbury,400000.0,,,,100000.0,300000.0,400000
Public Health Commission,201 River Street HVAC,Public Facilities Department,In Design,Mattapan,4850000.0,,,,200000.0,4650000.0,4850000
Property Management Department,Faneuil Hall and Sam Adams Park,Public Facilities Department,In Design,Downtown/Government Center,400000.0,60000.0,,,100000.0,360000.0,460000
Property Management Department,Veronica Smith Senior Center,Public Facilities Department,To Be Scheduled,Allston/Brighton,400000.0,,,,100000.0,300000.0,400000
Property Management Department,1010 Massachusetts Avenue,Public Facilities Department,Study Underway,Roxbury,500000.0,,,,100000.0,400000.0,500000
Property Management Department,43 Hawkins Street,Public Facilities Department,In Design,Downtown/Government Center,5000000.0,,,80000.0,,4920000.0,5000000
Parks and Recreation Department,O'Day Playground,Parks and Recreation Department,In Design,South End,400000.0,1830000.0,,,600000.0,1630000.0,2630000
Parks and Recreation Department,Byrne Playground,Parks and Recreation Department,In Design,Dorchester,400000.0,,,,150000.0,2220000.0,2370000
Parks and Recreation Department,Geneva Cliffs Urban Wild,Parks and Recreation Department,To Be Scheduled,Dorchester,400000.0,,,,150000.0,1850000.0,2000000
Parks and Recreation Department,Clifford Playground,Parks and Recreation Department,In Design,Roxbury,600000.0,6620000.0,,25000.0,500000.0,6695000.0,7220000
Parks and Recreation Department,Roslindale Wetlands Phase 2,Parks and Recreation Department,In Construction,Roslindale,300000.0,,,,150000.0,150000.0,300000
Parks and Recreation Department,Mount Hope Cemetery Paving Improvements,Parks and Recreation Department,To Be Scheduled,Mattapan,300000.0,,,,75000.0,225000.0,300000
Parks and Recreation Department,Hardiman Playground,Parks and Recreation Department,Study Underway,Allston/Brighton,100000.0,,,25000.0,75000.0,,100000
Parks and Recreation Department,Millennium Park Restroom Building,Public Facilities Department,To Be Scheduled,West Roxbury,250000.0,,,,,250000.0,250000
Parks and Recreation Department,Franklin Park Bear Dens,Parks and Recreation Department,In Design,Roxbury,900000.0,,,,100000.0,800000.0,900000
Parks and Recreation Department,Ryan Playground Field House,Public Facilities Department,To Be Scheduled,Charlestown,75000.0,,,,,75000.0,75000
Parks and Recreation Department,Watson Park,Parks and Recreation Department,In Design,South End,45000.0,,,,45000.0,,45000
Parks and Recreation Department,Franklin Park White Stadium,Parks and Recreation Department,In Design,Roxbury,500000.0,,,,100000.0,400000.0,500000
Parks and Recreation Department,Dog Recreation Areas at Various Parks,Parks and Recreation Department,Annual Program,Citywide,500000.0,,,,250000.0,250000.0,500000
Boston Public Schools,West Roxbury Education Complex,Public Facilities Department,Study Underway,West Roxbury,150000.0,18000000.0,,75000.0,2500000.0,15575000.0,18150000
Boston Public Schools,White Stadium Renovation,Public Facilities Department,Study Underway,Roxbury,500000.0,10000000.0,,50000.0,325000.0,10125000.0,10500000
Boston Public Schools,Mel King Academy Design,Public Facilities Department,Study Underway,South End,257000.0,20000000.0,,100000.0,1500000.0,18657000.0,20257000
Boston Public Schools,Masonry Repairs at Various Schools,Boston Public Schools,In Construction,Citywide,10000000.0,,,,4000000.0,6000000.0,10000000
Boston Public Schools,Bates School Boilers,Boston Public Schools,To Be Scheduled,Roslindale,1000000.0,,,,100000.0,900000.0,1000000
Boston Public Schools,Dudley Street NCS HVAC,Public Facilities Department,In Design,Roxbury,513000.0,,,,75000.0,438000.0,513000
Boston Public Schools,Condon School Lighting Improvements,Boston Public Schools,To Be Scheduled,South Boston,500000.0,,,,250000.0,250000.0,500000
Boston Public Schools,Warren-Prescott School Lighting Improvements,Public Facilities Department,To Be Scheduled,Charlestown,300000.0,,,,150000.0,150000.0,300000
Boston Public Schools,John F. Kennedy School Fire Alarms,Boston Public Schools,To Be Scheduled,Jamaica Plain,705000.0,,,,250000.0,455000.0,705000
Boston Public Schools,Cleveland Building Renovation,Public Facilities Department,In Design,Dorchester,2150000.0,,,,500000.0,1650000.0,2150000
Boston Public Schools,Winthrop School Roof,Boston Public Schools,In Design,Dorchester,1700000.0,,,,500000.0,1200000.0,1700000
Boston Public Schools,Mendell School Roof,Boston Public Schools,To Be Scheduled,Roxbury,50000.0,,,,50000.0,,50000
Boston Public Schools,Holmes School Plumbing,Boston Public Schools,To Be Scheduled,Dorchester,288000.0,,,,50000.0,238000.0,288000
Boston Public Schools,Library Improvements at Various Schools,Boston Public Schools,Annual Program,Citywide,3000000.0,,,,1000000.0,2000000.0,3000000
Boston Public Schools,Science Room Upgrades at Various Schools,Boston Public Schools,Annual Program,Citywide,3000000.0,,,,1000000.0,2000000.0,3000000
Boston Public Schools,Art Room Upgrades at Various Schools,Boston Public Schools,Annual Program,Citywide,500000.0,,,,300000.0,200000.0,500000
Public Works Department,Fleet Electrification Building Assessment,Public Facilities Department,To Be Scheduled,Citywide,250000.0,,,,125000.0,125000.0,250000
Public Works Department,Street Lighting Maintenance Facility,Public Facilities Department,To Be Scheduled,Citywide,2500000.0,,,,,2500000.0,2500000
Public Works Department,Street Lighting Infrastructure Upgrades,Public Works Department,Annual Program,Citywide,4550000.0,,,2500000.0,2000000.0,50000.0,4550000
Public Works Department,Inventory Management Program,Public Works Department,To Be Scheduled,Citywide,750000.0,,,,50000.0,700000.0,750000
Transportation Department,Southwest Neighborhood Transit Action Plan,Boston Transportation Department,To Be Scheduled,Multiple Neighborhoods,1600000.0,,,,150000.0,1450000.0,1600000
Transportation Department,Fairmount Line Urban Rail Study,Boston Transportation Department,To Be Scheduled,Multiple Neighborhoods,,,,,,,790000
Transportation Department,Safe Routes to Schools,Boston Transportation Department,To Be Scheduled,Multiple Neighborhoods,100000.0,,,,50000.0,50000.0,100000
Transportation Department,Norwell Street Square,Parks and Recreation Department,In Design,Dorchester,140000.0,,,,40000.0,100000.0,140000
Public Works Department,Central Maintenance Facility Complex,Public Facilities Department,In Design,South End,3800000.0,2725000.0,,2000000.0,2000000.0,2525000.0,6525000
Boston Public Schools,P. J. Kennedy School Renovation,Public Facilities Department,In Construction,East Boston,16200000.0,,1750.0,3000000.0,9500000.0,3698250.0,16200000
Parks and Recreation Department,Open Space Acquisition,Parks and Recreation Department,Annual Program,Citywide,10000000.0,,,,,10000000.0,10000000
Boston Public Schools,Timilty School Reconfiguration,Public Facilities Department,To Be Scheduled,Roxbury,3000000.0,,,,1500000.0,1500000.0,3000000
Department of Innovation and Technology,FY23 Investment Proposals,Department of Innovation and Technology,Implementation Underway,Citywide,500000.0,,,,25000.0,475000.0,500000
Boston Centers for Youth and Families,BCYF Dorchester Community Center,Public Facilities Department,In Design,Dorchester,4000000.0,61000000.0,,300000.0,4000000.0,60700000.0,65000000
Parks and Recreation Department,Court Renovations,Parks and Recreation Department,Annual Program,Citywide,2375000.0,1625000.0,,800000.0,1000000.0,2200000.0,4000000
Parks and Recreation Department,George Wright Golf Course,Parks and Recreation Department,Annual Program,Hyde Park,1000000.0,,,250000.0,500000.0,250000.0,1000000
Parks and Recreation Department,Historic Cemeteries,Parks and Recreation Department,Annual Program,Multiple Neighborhoods,1000000.0,500000.0,,400000.0,500000.0,1100000.0,2000000
Parks and Recreation Department,Public Garden Lagoon,Parks and Recreation Department,Annual Program,Beacon Hill,1800000.0,,,,200000.0,1600000.0,1800000
Parks and Recreation Department,Street Tree Planting,Parks and Recreation Department,Annual Program,Citywide,4800000.0,2700000.0,,2300000.0,2500000.0,2700000.0,7500000
Parks and Recreation Department,Urban Wilds,Parks and Recreation Department,Annual Program,Citywide,800000.0,600000.0,1500.0,100000.0,400000.0,1498500.0,2000000
Parks and Recreation Department,William Devine Golf Course,Parks and Recreation Department,Annual Program,Roxbury,1000000.0,150000.0,,50000.0,1000000.0,100000.0,1150000
Boston Public Schools,Technology Infrastructure,Boston Public Schools,Annual Program,Citywide,7000000.0,,,3500000.0,3500000.0,7000000.0,14000000
Public Works Department,Street Lighting Installation,Public Works Department,Annual Program,Citywide,6000000.0,,,3000000.0,3000000.0,3000000.0,9000000
Public Works Department,Walkable Streets,Public Works Department,Annual Program,Citywide,5760000.0,,,,3500000.0,2260000.0,5760000
Public Works Department,Roadway Reconstruction and Resurfacing,Public Works Department,Annual Program,Citywide,20600000.0,,,6000000.0,7000000.0,14600000.0,73128694
Transportation Department,Transportation Planning,Boston Transportation Department,Annual Program,Citywide,1315000.0,,,,500000.0,815000.0,1515000
Transportation Department,Traffic Signals,Boston Transportation Department,Annual Program,Citywide,3500000.0,,,3500000.0,3500000.0,3500000.0,10500000
Transportation Department,Crosswalks and Lane Markings,Boston Transportation Department,Annual Program,Citywide,,,,,,,4500000
Transportation Department,Accessible Pedestrian Signals,Boston Transportation Department,Annual Program,Citywide,1500000.0,,,,500000.0,1000000.0,1500000
Property Management Department,City Hall HVAC,Public Facilities Department,In Design,Downtown/Government Center,40000000.0,38220000.0,401745.0,250000.0,15000000.0,62568255.0,78220000
Parks and Recreation Department,Moakley Park O&M Building,Public Facilities Department,In Design,South Boston,1050000.0,,,250000.0,500000.0,300000.0,1050000
Boston Public Schools,Allston Elementary School Design,Public Facilities Department,Study Underway,Allston/Brighton,150000.0,10000000.0,,75000.0,500000.0,9575000.0,10150000
Boston Public Schools,Horace Mann School Siting Study,Public Facilities Department,Study Underway,Citywide,150000.0,,,75000.0,75000.0,,150000
Boston Public Schools,Roxbury Elementary School Study,Public Facilities Department,To Be Scheduled,Roxbury,150000.0,,,,,150000.0,150000
Parks and Recreation Department,Building Assessment at Active Cemeteries,Public Facilities Department,To Be Scheduled,Multiple Neighborhoods,200000.0,,,,60000.0,140000.0,200000
Property Management Department,City Hall Plaza Phase 2,Public Facilities Department,In Design,Downtown/Government Center,50000000.0,,,500000.0,2000000.0,47500000.0,50000000
Public Works Department,Chinatown Sidewalk Improvements,Public Works Department,In Design,Chinatown,500000.0,,,75000.0,300000.0,125000.0,500000
Office of Arts & Culture,Cultural Center Study,Public Facilities Department,To Be Scheduled,Citywide,125000.0,,,,50000.0,75000.0,125000
Parks and Recreation Department,Walsh Park Study,Parks and Recreation Department,Study Underway,Dorchester,100000.0,250000.0,,25000.0,200000.0,125000.0,350000
Public Works Department,Hyde Park Avenue Median,Public Works Department,To Be Scheduled,Dorchester,200000.0,,,50000.0,150000.0,,200000
Parks and Recreation Department,Town Field Study,Parks and Recreation Department,To Be Scheduled,Dorchester,100000.0,,,,50000.0,50000.0,100000
Boston Centers for Youth and Families,BCYF Clougherty Pool,Public Facilities Department,In Design,Charlestown,1800000.0,28200000.0,,400000.0,15000000.0,14600000.0,30000000
Boston Public Schools,Security Cameras,Boston Public Schools,Implementation Underway,Citywide,15000000.0,,,1000000.0,6500000.0,7500000.0,15000000
Environment Department,Moakley Park Connectors,Environment Department,Study Underway,South Boston,544500.0,,,100000.0,300000.0,144500.0,2178000
Transportation Department,Roxbury Resilient Transportation Corridors,Boston Transportation Department,To Be Scheduled,Roxbury,,12500000.0,,,200000.0,12300000.0,32500000
Police Department,District D-4 Station Elevator,Police Department,In Design,South End,30000.0,,,15000.0,15000.0,,30000
Boston Public Schools,"ARP 2022: Boilers, Roof, Windows at 4 Schools",Public Facilities Department,In Design,South End,593700.0,,,50000.0,400000.0,143700.0,1500000
Boston Planning and Development Agency,Long Wharf Resiliency Improvements,Boston Planning and Development Agency,New Project,Downtown/Government Center,,1000000.0,,,365000.0,5635000.0,6000000
Boston Planning and Development Agency,RLFMP Wharf 8/Pier 10 Improvements,Boston Planning and Development Agency,New Project,South Boston,,5000000.0,,,500000.0,4500000.0,5000000
Boston Planning and Development Agency,RLFMP South Jetty and Bulkhead Rehabilitation,Boston Planning and Development Agency,New Project,South Boston,,7900000.0,,,2000000.0,5900000.0,7900000
Boston Planning and Development Agency,RLFMP Fid Kennedy Realignment,Boston Planning and Development Agency,New Project,South Boston,,5000000.0,,,200000.0,4800000.0,5000000
Boston Planning and Development Agency,RLFMP Streetscape Improvements,Boston Planning and Development Agency,New Project,South Boston,,5000000.0,,,300000.0,4700000.0,5000000
Boston Planning and Development Agency,Harrison Avenue BWSC Operations,Boston Planning and Development Agency,New Project,South End,,,,,,,1000000
Boston Centers for Youth and Families,BCYF Johnson Community Center Renovations,Public Facilities Department,New Project,Mission Hill,,250000.0,,,50000.0,200000.0,250000
Boston Centers for Youth and Families,BCYF Tobin Community Center Improvements,Public Facilities Department,New Project,Mission Hill,250000.0,750000.0,,,200000.0,800000.0,1000000
Fire Department,Engine 18,Public Facilities Department,New Project,Dorchester,,3000000.0,,,100000.0,2900000.0,3000000
Fire Department,Tech Rescue Water/Plumbing access,Public Facilities Department,New Project,Harbor Islands,,5000000.0,,,150000.0,4850000.0,5000000
Fire Department,Fire Headquarters Programming Study,Public Facilities Department,New Project,Citywide,,2000000.0,,,100000.0,1900000.0,2000000
Fire Department,Seaport Fire Station,Boston Planning and Development Agency,New Project,South Boston,,4000000.0,,,,4000000.0,4000000
Fire Department,Fire Equipment FY25-28,Boston Fire Department,To Be Scheduled,Citywide,,4777500.0,,,,9792500.0,9792500
Fire Department,Fire Boat (Replace Norman Knight),Boston Fire Department,New Project,Citywide,,900000.0,,,100000.0,800000.0,900000
Fire Department,Engine 17 Phase 2,Public Facilities Department,New Project,Dorchester,,5000000.0,,,200000.0,4800000.0,5000000
Boston Public Library,Central Library: McKim Master Plan,Public Facilities Department,New Project,Back Bay,,1000000.0,,,100000.0,900000.0,1000000
Department of Innovation and Technology,311 Modernization,Department of Innovation and Technology,New Project,Citywide,,6000000.0,,,1000000.0,5000000.0,6000000
Department of Innovation and Technology,Unified Constituent Identity and Access Management,Department of Innovation and Technology,New Project,Citywide,,1000000.0,,,500000.0,500000.0,1000000
Mayor's Office of Housing,BHA Retrofit,Boston Housing Authority,New Project,Multiple Neighborhoods,,25000000.0,,,5000000.0,20000000.0,50000000
Police Department,Moon Island Gun Range,Boston Police Department,New Project,Citywide,,4000000.0,,,200000.0,3800000.0,4000000
Police Department,911 Battery/UPS/PDU Backup,Boston Police Department,New Project,Citywide,,2075000.0,,,100000.0,1975000.0,2075000
Public Health Commission,Franklin Park Ambulance Station,Public Facilities Department,New Project,Roxbury,,200000.0,,,75000.0,125000.0,200000
Property Management Department,Animal Shelter HVAC - 26 Mahler Road,Public Facilities Department,New Project,Roslindale,,,,,,,1000000
Property Management Department,Old State House,Property Management Department,New Project,Downtown/Government Center,,,,,,,500000
Property Management Department,Facilities Condition Assessment,Public Facilities Department,Study Underway,Citywide,5000000.0,,,,2500000.0,2500000.0,5000000
Parks and Recreation Department,Quincy Street Play Area,Parks and Recreation Department,New Project,Roxbury,,1030000.0,,,50000.0,980000.0,1030000
Parks and Recreation Department,St. James Street Park,Parks and Recreation Department,New Project,Roxbury,,1250000.0,,,50000.0,1200000.0,1250000
Parks and Recreation Department,Rogers Park Phase 1,Parks and Recreation Department,New Project,Allston/Brighton,,300000.0,,,25000.0,275000.0,300000
Parks and Recreation Department,Boston Common Shaw Accessibility,Parks and Recreation Department,New Project,Beacon Hill,,,,,,,450000
Parks and Recreation Department,Franklin Park Elma Lewis Feasibility Study,Parks and Recreation Department,New Project,Roxbury,,,,,,,250000
Parks and Recreation Department,Tebroc Street Play Area,Parks and Recreation Department,New Project,Dorchester,,1000000.0,,,50000.0,950000.0,1000000
Parks and Recreation Department,Condor Street Urban Wild,Parks and Recreation Department,New Project,East Boston,,760000.0,,,50000.0,710000.0,760000
Parks and Recreation Department,Jefferson Playground,Parks and Recreation Department,New Project,Jamaica Plain,,350000.0,,,25000.0,325000.0,350000
Parks and Recreation Department,Fidelis Way,Parks and Recreation Department,New Project,Allston/Brighton,,300000.0,,,25000.0,275000.0,300000
Parks and Recreation Department,Webster Ave Playground,Parks and Recreation Department,New Project,North End,,470000.0,,,50000.0,420000.0,470000
Parks and Recreation Department,Ronan Park,Parks and Recreation Department,New Project,Dorchester,,300000.0,,,25000.0,275000.0,300000
Parks and Recreation Department,Barry Playground,Parks and Recreation Department,New Project,Charlestown,,400000.0,,,50000.0,350000.0,400000
Boston Public Schools,Door Alarms Upgrades at Various Schools,Boston Public Schools,New Project,Citywide,,2100000.0,,,1250000.0,850000.0,2100000
Boston Public Schools,Elevator Upgrades at Various Schools,Boston Public Schools,New Project,Citywide,,6000000.0,,,1500000.0,4500000.0,6000000
Boston Public Schools,Building Envelope Repairs at Various Schools,Public Facilities Department,New Project,Citywide,,6000000.0,,,750000.0,5250000.0,6000000
Boston Public Schools,Flooring Repairs at Various Schools,Boston Public Schools,New Project,Citywide,,2000000.0,,,2000000.0,,2000000
Boston Public Schools,Gym Renovations at Various Schools,Boston Public Schools,New Project,Citywide,,2000000.0,,,1000000.0,1000000.0,2000000
Boston Public Schools,Pool Upgrades and Repairs at Various Schools,Boston Public Schools,New Project,Citywide,,2000000.0,,,700000.0,1300000.0,2000000
Boston Public Schools,O'Donnell School Yard Improvements,Boston Public Schools,In Design,East Boston,700000.0,,,,,700000.0,700000
Boston Public Schools,Green New Deal for BPS Project Reserve,Public Facilities Department,New Project,Citywide,,30500000.0,,,,30500000.0,30500000
Boston Public Schools,King K-8 School Renovation,Public Facilities Department,New Project,Dorchester,,5000000.0,,,125000.0,4875000.0,5000000
Boston Public Schools,BCLA / McCormack School Phase 2 Renovation,Public Facilities Department,New Project,Dorchester,,12000000.0,,,2500000.0,9500000.0,12060000
Boston Public Schools,Property Acquisition for Schools,Public Facilities Department,New Project,Citywide,,4000000.0,,,1000000.0,3000000.0,4000000
Boston Public Schools,Shaw School and Taylor School Study and Design,Public Facilities Department,New Project,Mattapan,,,,,,50000000.0,50000000
Public Works Department,Bussey Street Reconstruction Phase I,Public Works Department,New Project,Multiple Neighborhoods,,250000.0,,,150000.0,100000.0,250000
Public Works Department,Green Infrastructure Existing Conditions Assessments,Public Works Department,New Project,Citywide,,750000.0,,,375000.0,375000.0,750000
Public Works Department,Moon Island Causeway,Public Works Department,New Project,Harbor Islands,,2000000.0,,,250000.0,1750000.0,2000000
Public Works Department,Walworth Street Bridge,Public Works Department,New Project,Roslindale,,,,,,,3500000
Public Works Department,Austin Street Bridge,Public Works Department,New Project,Charlestown,5000000.0,,,,300000.0,4700000.0,5000000
Public Works Department,Blakemore Street Bridge,Public Works Department,New Project,Roslindale,,,,,,,750000
Public Works Department,Belgrade Avenue Bridge,Public Works Department,New Project,Roslindale,3000000.0,,,,400000.0,2600000.0,3000000
Public Works Department,Sullivan Square Underpass,Public Works Department,New Project,Charlestown,,,,,,,2000000
Public Works Department,Summer Street Bridge at Fort Point Channel,Public Works Department,New Project,South Boston,,5000000.0,,,250000.0,19750000.0,20000000
Public Works Department,Massachusetts Ave. / Huntington Ave. Bridge,Public Works Department,New Project,Fenway-Kenmore,2000000.0,,,,600000.0,1400000.0,2000000
Public Works Department,Shawmut Avenue Bridge,Public Works Department,New Project,Multiple Neighborhoods,,,,,,,1100000
Public Works Department,Nottingham Path,Public Works Department,New Project,Allston/Brighton,1500000.0,,,,150000.0,1350000.0,1500000
Public Works Department,Wellington Hill Street Stairs,Public Works Department,New Project,Mattapan,1000000.0,,,,100000.0,900000.0,1000000
Transportation Department,MLK Jr. Boulevard,Boston Transportation Department,New Project,Roxbury,,3800000.0,,,,3800000.0,3800000
Transportation Department,Tremont/Columbus Phases I & II,Boston Transportation Department,New Project,Multiple Neighborhoods,,3300000.0,,,250000.0,3050000.0,3300000
Transportation Department,Thoreau Path / Canal Street,Boston Transportation Department,New Project,Downtown/Government Center,,,,,,,4785000
Transportation Department,Go Boston 2030 Update,Boston Transportation Department,New Project,Citywide,,,,,,,550000
Transportation Department,Safety Surge,Boston Transportation Department,New Project,Citywide,,,,,,,11720000
Transportation Department,Replace Parking Meters,Boston Transportation Department,New Project,Citywide,,,,,,,3500000
Transportation Department,E-bike Purchase,Boston Transportation Department,New Project,Citywide,,,,,,,1350000
Transportation Department,Safe Streets for All,Boston Transportation Department,New Project,Multiple Neighborhoods,,2500000.0,,,,2500000.0,11500000
Transportation Department,Reconnecting Communities,Boston Transportation Department,New Project,Chinatown,,600000.0,,,200000.0,400000.0,2400000
Property Management Department,Strand Theater,Public Facilities Department,To Be Scheduled,Dorchester,250000.0,,,,100000.0,150000.0,250000
Public Health Commission,Hyde Park Health Center Study,Public Facilities Department,To Be Scheduled,Hyde Park,,,,,,2000000.0,2000000
Boston Public Schools,HVAC Repairs at Various Schools,Boston Public Schools,New Project,Citywide,,10000000.0,,,5000000.0,5000000.0,10000000
Fire Department,HVAC Repairs at Various Fire Stations,Public Facilities Department,Annual Program,Citywide,910000.0,,,,250000.0,660000.0,910000
